species,mean_long2,sd_long2,mean_long,sd_long,diff_mean,diff_sd
Bossiaea obcordata,2.39050408453246,0.5094680347269709,2.49241669152843,0.5994147596169336,0.101912606995966,0.08994672488996269
Gompholobium latifolium,2.8618287037037,1.3241028335147191,2.74605626285996,1.4284483833912438,-0.115772440843744,0.10434554987652467
Grevillea mucronulata,4.08657407407407,1.3459145972436586,4.74810474537037,1.1477872789346728,0.661530671296297,-0.19812731830898578
Lomandra longifolia,9.21122981956298,0.8411224062293134,9.09187007236191,1.1004533999965738,-0.119359747201067,0.2593309937672603
Philotheca hispidula,4.74117669252058,1.3978022328722939,4.61444283008686,1.0653838507428717,-0.126733862433721,-0.3324183821294222
Pittosporum undulatum,4.98750066137535,0.640647610456833,5.11667297178121,0.5311291354577208,0.12917231040586,-0.10951847499911227
Pultenaea scabra,2.91740214646483,0.6400814944516815,2.95902109638063,0.5468980127248674,0.0416189499158,-0.09318348172681412
Xanthosia pilosa,6.02768518518519,2.6473945302471598,6.12235339506191,1.9781148437258036,0.0946682098767271,-0.6692796865213562
